{"cameraMode":{"drawMode":0,"name":"Shaded","section":"Shading Mode"},"sceneLighting":false,"audioPlay":false,"sceneViewState":{"showFog":true,"showMaterialUpdate":false,"showSkybox":false,"showFlares":true,"showImageEffects":true,"showParticleSystems":true},"in2DMode":false,"pivot":{"x":0.1915186643600464,"y":-0.07070301473140717,"z":-1.2087361812591553},"rotation":{"x":0.08864845335483551,"y":-0.8587549328804016,"z":0.1589294970035553,"w":0.4789952337741852},"size":4.7993388175964359,"orthographic":false}