{"cameraMode":{"drawMode":0,"name":"Shaded","section":"Shading Mode"},"sceneLighting":false,"audioPlay":false,"sceneViewState":{"showFog":true,"showMaterialUpdate":false,"showSkybox":false,"showFlares":true,"showImageEffects":true,"showParticleSystems":true},"in2DMode":false,"pivot":{"x":123.3259506225586,"y":544.2468872070313,"z":-209.08494567871095},"rotation":{"x":0.00749750342220068,"y":0.02549653686583042,"z":-0.00019123365927953273,"w":0.9996469616889954},"size":188.99227905273438,"orthographic":true}