{"cameraMode":{"drawMode":0,"name":"Shaded","section":"Shading Mode"},"sceneLighting":false,"audioPlay":false,"sceneViewState":{"showFog":true,"showMaterialUpdate":false,"showSkybox":false,"showFlares":true,"showImageEffects":true,"showParticleSystems":true},"in2DMode":false,"pivot":{"x":0.01427924633026123,"y":0.9998852014541626,"z":-0.01393464207649231},"rotation":{"x":-0.0343099944293499,"y":0.963716983795166,"z":-0.15275028347969056,"w":-0.21631678938865663},"size":4.287792205810547,"orthographic":true}