{"cameraMode":{"drawMode":0,"name":"Shaded","section":"Shading Mode"},"sceneLighting":false,"audioPlay":false,"sceneViewState":{"showFog":true,"showMaterialUpdate":false,"showSkybox":false,"showFlares":true,"showImageEffects":true,"showParticleSystems":true},"in2DMode":false,"pivot":{"x":0.43109869956970217,"y":1.486633539199829,"z":0.9919509887695313},"rotation":{"x":0.019246546551585199,"y":-0.9803444743156433,"z":0.15268006920814515,"w":0.12358089536428452},"size":2.2712974548339845,"orthographic":true}