{"cameraMode":{"drawMode":0,"name":"Shaded","section":"Shading Mode"},"sceneLighting":false,"audioPlay":false,"sceneViewState":{"showFog":true,"showMaterialUpdate":false,"showSkybox":false,"showFlares":true,"showImageEffects":true,"showParticleSystems":true},"in2DMode":false,"pivot":{"x":-0.4266042709350586,"y":0.9575802087783814,"z":-2.0922675132751467},"rotation":{"x":0.08878267556428909,"y":-0.8817218542098999,"z":0.4252646267414093,"w":0.1840563267469406},"size":5.8261613845825199,"orthographic":true}