{"cameraMode":{"drawMode":0,"name":"Shaded","section":"Shading Mode"},"sceneLighting":false,"audioPlay":false,"sceneViewState":{"showFog":true,"showMaterialUpdate":false,"showSkybox":false,"showFlares":true,"showImageEffects":true,"showParticleSystems":true},"in2DMode":false,"pivot":{"x":-0.07190188765525818,"y":1.1971256732940674,"z":0.07065986841917038},"rotation":{"x":-0.01107764896005392,"y":-0.9718532562255859,"z":0.04668601602315903,"w":-0.23073817789554597},"size":3.675104856491089,"orthographic":true}