{"cameraMode":{"drawMode":0,"name":"Shaded","section":"Shading Mode"},"sceneLighting":false,"audioPlay":false,"sceneViewState":{"showFog":true,"showMaterialUpdate":false,"showSkybox":false,"showFlares":true,"showImageEffects":true,"showParticleSystems":true},"in2DMode":false,"pivot":{"x":-3.950873613357544,"y":0.8510000109672546,"z":-1.1164249181747437},"rotation":{"x":0.03049386478960514,"y":-0.9586809277534485,"z":0.11267993599176407,"w":0.2594456374645233},"size":4.481170177459717,"orthographic":true}