{"cameraMode":{"drawMode":0,"name":"Shaded","section":"Shading Mode"},"sceneLighting":true,"audioPlay":false,"sceneViewState":{"showFog":true,"showMaterialUpdate":false,"showSkybox":true,"showFlares":true,"showImageEffects":true,"showParticleSystems":true},"in2DMode":false,"pivot":{"x":3.833390712738037,"y":-1.916260004043579,"z":3.9425086975097658},"rotation":{"x":0.20935991406440736,"y":-0.7578182816505432,"z":0.29096144437789919,"w":0.5452389717102051},"size":18.343730926513673,"orthographic":true}