{"cameraMode":{"drawMode":0,"name":"Shaded","section":"Shading Mode"},"sceneLighting":false,"audioPlay":false,"sceneViewState":{"showFog":true,"showMaterialUpdate":false,"showSkybox":false,"showFlares":true,"showImageEffects":true,"showParticleSystems":true},"in2DMode":false,"pivot":{"x":-0.4266042709350586,"y":0.8885802030563355,"z":-2.3972673416137697},"rotation":{"x":0.03049386478960514,"y":-0.9586809277534485,"z":0.11267993599176407,"w":0.2594456374645233},"size":5.8261613845825199,"orthographic":true}